tag,n,textvqa_accuracy,exact_match,f1_token,bleu,meteor,rouge1,rouge2,rougeL,llm_judge
zero_shot,5000,0.6858,0.7262,0.771826160740917,14.2195395905606,0.4954660181145716,0.6158982821622819,0.18496395819156652,0.6155278059718057,
finetuned,5000,0.7452666666666667,0.7826,0.81036985410132,46.637719444567715,0.5076374508376738,0.6456445461060675,0.1890730209556523,0.6451140699155913,
ablation_lora_attn_only,5000,0.7192,0.7556,0.78794327280812,44.07122654044305,0.4966098127812987,0.6275737310032958,0.18713123987123964,0.6270803976699626,
ablation_ocr_prompt,5000,0.689,0.728,0.7716381079573578,13.420135077910322,0.4949437098767279,0.6178661572314402,0.1850410245310242,0.6174877301030129,
ablation_highres,5000,0.8277333333333334,0.8668,0.8880538547709601,49.62446987515613,0.5614859764920642,0.7027645104895099,0.20957658785658756,0.7021411771561766,
